Sign1,Sign2,RelationshipType,Description
Aries,Aries,Friends,"Aries friends share a dynamic and energetic bond fueled by their mutual love of adventure and challenge. They often push each other to be bolder and more confident. Their competitive nature can sometimes spark fiery debates, but this usually strengthens their connection. Together, they enjoy thrilling activities and respect each other's independence."
Aries,Aries,Couple,"As a couple, two Aries often create an exciting and passionate relationship filled with spontaneity. Their mutual drive for success and new experiences keeps the spark alive. However, their stubbornness and quick tempers can lead to conflicts if not managed carefully. Learning patience and compromise is key for lasting harmony."
Aries,Taurus,Friends,"Aries and Taurus friends offer an intriguing mix of energy and stability. Aries brings enthusiasm and bold ideas, while Taurus provides a calm and steady grounding presence. They may sometimes clash due to Aries’ impulsiveness and Taurus’ preference for routine, but this contrast can teach them balance. Mutual respect helps their friendship grow over time."
Aries,Taurus,Couple,"In romantic relationships, Aries and Taurus face challenges as their personalities differ widely. Aries craves excitement and freedom, whereas Taurus values security and consistency. This difference can cause frustration but also opportunities for growth if both learn to appreciate each other's needs. Patience and open communication are essential for their success."
Aries,Gemini,Friends,"Aries and Gemini make lively and fun friends who thrive on spontaneity and intellectual stimulation. Gemini’s quick wit complements Aries’ fearless spirit, creating a bond full of laughs and new ideas. They may struggle with follow-through or staying focused, but their shared love of variety keeps the friendship fresh and exciting."
Aries,Gemini,Couple,"As partners, Aries and Gemini share an electric connection fueled by curiosity and passion. Both enjoy excitement and novelty, which often leads to a vibrant relationship. However, Aries’ impulsiveness and Gemini’s indecisiveness can create tension. Finding a balance between action and thoughtfulness is vital for their lasting happiness."
Aries,Cancer,Friends,"Aries and Cancer friends can experience a rollercoaster of emotions due to their different approaches to life. Aries is direct and action-oriented, while Cancer is nurturing and sensitive. This can cause misunderstandings but also opportunities to learn empathy. Their friendship thrives when Aries respects Cancer’s need for emotional safety."
Aries,Cancer,Couple,"Romantically, Aries and Cancer often attract but face significant challenges. Aries seeks independence and fast-paced living, while Cancer desires emotional security and closeness. Their conflicting needs may lead to frequent disagreements unless they cultivate patience and understanding. With effort, they can form a bond that balances strength and vulnerability."
Aries,Leo,Friends,"Aries and Leo friends ignite each other’s passion and confidence. Both love being leaders and taking initiative, resulting in a friendship filled with enthusiasm and mutual admiration. While their competitive sides can sometimes clash, they generally channel this into playful banter. Together, they fuel each other’s ambitions and zest for life."
Aries,Leo,Couple,"In love, Aries and Leo form a fiery and charismatic couple that commands attention. Their shared drive for excitement and adventure creates a thrilling partnership. However, their strong wills may cause power struggles if neither yields. Open communication and mutual respect help them build a passionate and balanced relationship."
Aries,Virgo,Friends,"Aries and Virgo friends balance energy with practicality. Aries encourages Virgo to step out of their comfort zone, while Virgo offers thoughtful guidance. Occasionally, Aries might find Virgo too cautious, and Virgo might see Aries as reckless, but they learn from each other’s differences. Their friendship grows stronger through mutual support."
Aries,Virgo,Couple,"Couples with Aries and Virgo often face contrasting outlooks—Aries is impulsive and spontaneous, Virgo is methodical and cautious. This can lead to misunderstandings, especially when Aries feels constrained and Virgo feels unsettled. Yet, their differences can complement each other if they value patience and communication. Together, they can create a balanced and resilient partnership."
Aries,Libra,Friends,"Aries and Libra friends bring excitement and harmony together. Aries’ boldness is balanced by Libra’s diplomacy, creating a dynamic friendship that mixes adventure with tact. Conflicts may arise when Aries is too direct and Libra avoids confrontation, but they learn to appreciate each other’s styles. This balance often results in a lasting and enriching connection."
Aries,Libra,Couple,"In romantic relationships, Aries and Libra can be opposites that attract and challenge each other. Aries pushes forward with decisiveness, while Libra seeks fairness and compromise. This difference may cause tension but also offers opportunities to grow together. Their love thrives when they find common ground and respect each other’s perspectives."
Aries,Scorpio,Friends,"Aries and Scorpio friends share intensity and passion, often bonding over deep conversations and shared ambitions. Scorpio’s emotional depth complements Aries’ straightforwardness. Their friendship may face power struggles or jealousy if boundaries aren’t respected. When balanced, they support each other through thick and thin."
Aries,Scorpio,Couple,"As a couple, Aries and Scorpio create a relationship charged with energy and intensity. Both are determined and passionate, which can lead to a powerful connection or explosive conflicts. Trust and communication are essential to navigate their strong personalities. With mutual respect, they can build a transformative partnership."
Aries,Sagittarius,Friends,"Aries and Sagittarius friends enjoy a naturally adventurous and optimistic connection. Both value freedom and new experiences, often planning exciting escapades together. Their friendship is lively and enthusiastic, with little room for boredom. Occasionally, they might compete for attention but mostly inspire each other to grow."
Aries,Sagittarius,Couple,"In love, Aries and Sagittarius are a natural match filled with enthusiasm and mutual understanding. Their shared love for adventure keeps the relationship exciting and fresh. While both value independence, their trust in each other helps maintain harmony. Together, they explore life with passion and openness."
Aries,Capricorn,Friends,"Aries and Capricorn friends balance impulsiveness with practicality. Aries pushes Capricorn to take risks, while Capricorn grounds Aries with responsibility. This friendship benefits from their complementary energies, although Aries may get impatient with Capricorn’s cautious pace. Mutual respect helps them support each other's growth."
Aries,Capricorn,Couple,"Romantically, Aries and Capricorn often face challenges due to differing priorities. Aries seeks spontaneity and excitement, while Capricorn values stability and long-term goals. These differences can cause frustration unless they practice patience and compromise. With effort, their union can combine passion with pragmatism."
Aries,Aquarius,Friends,"Aries and Aquarius friends bond over shared ideals and love for innovation. Both enjoy independence and intellectual stimulation, making their friendship dynamic and inspiring. They may sometimes disagree due to Aries’ impulsiveness and Aquarius’ idealism but generally respect each other’s viewpoints. Their connection thrives on freedom and creativity."
Aries,Aquarius,Couple,"As a couple, Aries and Aquarius form an exciting and unconventional partnership. Their mutual love for new ideas and experiences keeps the relationship fresh. However, Aries’ fiery nature can sometimes clash with Aquarius’ detached demeanor. Communication and space for individuality are keys to their lasting happiness."
Aries,Pisces,Friends,"Aries and Pisces friends often find themselves drawn to each other’s contrasting qualities. Aries’ directness contrasts with Pisces’ sensitivity, which can cause misunderstandings but also mutual learning. Their friendship thrives when Aries learns to be gentler and Pisces embraces assertiveness. Together, they offer balance and growth."
Aries,Pisces,Couple,"In romantic relationships, Aries and Pisces often struggle due to different emotional needs. Aries is bold and straightforward, while Pisces is dreamy and sensitive. This gap can lead to hurt feelings and frustration unless they develop empathy and open communication. When successful, their love combines passion with compassion."
Taurus,Taurus,Friends,"Taurus friends share a deep appreciation for comfort, loyalty, and stability. They enjoy relaxing together, whether through shared hobbies or quiet moments. Their mutual patience and understanding create a strong foundation. Occasional stubbornness may arise but usually resolves through calm discussion."
Taurus,Taurus,Couple,"Two Taurus in love create a relationship grounded in reliability and sensual pleasure. They cherish routines and find joy in building a secure life together. While both can be possessive or resistant to change, their shared values make for a steady and lasting bond. Patience and affection keep the flame alive."
Taurus,Gemini,Friends,"Taurus and Gemini friends experience an interesting blend of stability and curiosity. Taurus values consistency, while Gemini thrives on variety and change. This can cause occasional misunderstandings, but they appreciate each other's unique perspectives. Their friendship grows stronger when they balance adventure with reliability."
Taurus,Gemini,Couple,"Romantically, Taurus and Gemini face hurdles due to differing approaches. Taurus seeks security and routine, whereas Gemini desires excitement and flexibility. This mismatch may lead to frustration unless both partners learn to adapt and communicate openly. When successful, their love balances steadiness with spontaneity."
Taurus,Cancer,Friends,"Taurus and Cancer make nurturing and loyal friends who enjoy comforting each other. Both appreciate emotional security and trust, forming a dependable bond. Their friendship is characterized by warmth and shared values, though Taurus' stubbornness may occasionally challenge Cancer's sensitivity. Together, they provide steadfast support."
Taurus,Cancer,Couple,"As a couple, Taurus and Cancer share a deeply caring and harmonious relationship. Their mutual need for stability and affection creates a safe emotional haven. While Taurus offers grounded strength, Cancer brings intuitive understanding. Occasional disagreements usually resolve peacefully, making their bond enduring and loving."
Taurus,Leo,Friends,"Taurus and Leo friends often enjoy lively interactions, blending Taurus' steadiness with Leo's enthusiasm. Leo’s charisma adds excitement to the friendship, while Taurus grounds Leo’s sometimes impulsive nature. Differences in social preferences may cause friction, but their mutual loyalty keeps them connected."
Taurus,Leo,Couple,"In love, Taurus and Leo couples face challenges balancing Leo’s need for attention and Taurus’ desire for routine. Leo’s expressive nature can sometimes overwhelm Taurus, who prefers calm stability. Despite this, their shared passion for life helps them build a warm and vibrant partnership when they practice understanding."
Taurus,Virgo,Friends,"Taurus and Virgo friends share practical outlooks and a love for order. Both value loyalty and thoughtful communication, forming a steady and reliable friendship. Their grounded personalities create a peaceful bond with minimal drama. Occasionally, Virgo’s perfectionism and Taurus’ stubbornness require gentle patience."
Taurus,Virgo,Couple,"As partners, Taurus and Virgo complement each other well with shared values and dedication. Their relationship is often calm, secure, and focused on building a stable future. Both are willing to work through challenges, though occasional stubbornness or critical tendencies may need managing. Overall, their bond is strong and dependable."
Taurus,Libra,Friends,"Taurus and Libra friends balance sensuality and sociability. Taurus appreciates Libra’s charm and grace, while Libra admires Taurus’ reliability. Differences in decision-making styles can cause minor conflicts, but their mutual respect helps maintain harmony. Their friendship often combines fun with steady support."
Taurus,Libra,Couple,"In romance, Taurus and Libra couples experience a blend of sensuality and idealism. Libra’s desire for balance can soothe Taurus’ stubborn streak, while Taurus provides grounding for Libra’s indecision. Despite occasional disagreements, they enjoy a loving and affectionate connection built on mutual appreciation."
Taurus,Scorpio,Friends,"Taurus and Scorpio friends form a deeply loyal and intense bond. Both signs are passionate and protective, leading to a powerful connection. Occasional power struggles may arise due to their fixed natures, but shared values often help them overcome conflicts. Their friendship is marked by trust and depth."
Taurus,Scorpio,Couple,"As lovers, Taurus and Scorpio create a magnetic and emotionally charged relationship. Their shared determination fosters a strong commitment. However, both can be possessive and stubborn, which may lead to conflict if not carefully navigated. When balanced, their bond is passionate and enduring."
Taurus,Sagittarius,Friends,"Taurus and Sagittarius friends often face challenges due to differing worldviews. Taurus prefers stability and comfort, while Sagittarius craves freedom and adventure. These differences can create tension, but if both embrace compromise, their friendship offers growth and exciting experiences."
Taurus,Sagittarius,Couple,"Romantically, Taurus and Sagittarius often struggle with conflicting desires—Taurus seeks security, Sagittarius values exploration. Their differences may cause misunderstandings and frustration unless they openly communicate and respect each other's needs. When balanced, their love blends passion with growth."
Taurus,Capricorn,Friends,"Taurus and Capricorn friends enjoy a practical and grounded relationship. Both appreciate hard work, reliability, and tradition. Their friendship tends to be stable and long-lasting, with mutual encouragement and respect. Occasional stubbornness is tempered by shared values."
Taurus,Capricorn,Couple,"In love, Taurus and Capricorn form a strong and dependable partnership. Both signs prioritize security and long-term goals, creating a harmonious and steady relationship. They work well together in building a secure life, though occasional rigidity may require compromise. Their bond is built to last."
Taurus,Aquarius,Friends,"Taurus and Aquarius friends often find their contrasting natures intriguing. Taurus prefers routine and stability, while Aquarius enjoys innovation and change. This can lead to misunderstandings but also opportunities for learning. Their friendship thrives when they respect each other's perspectives."
Taurus,Aquarius,Couple,"As partners, Taurus and Aquarius face challenges balancing tradition and progress. Taurus values comfort and familiarity, whereas Aquarius seeks novelty and freedom. These opposing desires may cause tension unless both practice flexibility and open communication. With effort, they can find harmony."
Taurus,Pisces,Friends,"Taurus and Pisces friends enjoy a gentle and empathetic connection. Taurus provides grounded support, while Pisces offers emotional depth and imagination. Their friendship is nurturing and often long-lasting, with mutual care. Occasionally, Taurus’ practicality contrasts with Pisces’ idealism but rarely causes major issues."
Taurus,Pisces,Couple,"In romance, Taurus and Pisces share a deeply emotional and caring bond. Taurus’ steadiness complements Pisces’ dreamy sensitivity, creating a harmonious and loving relationship. They often understand each other’s needs intuitively. Challenges arise when differences in practicality and emotion surface but are usually resolved with compassion."
Gemini,Gemini,Friends,"Gemini friends create a lively and ever-changing connection filled with stimulating conversation and shared curiosity. Their mutual love for learning and socializing keeps the friendship fresh. Sometimes, they may struggle with inconsistency, but their adaptable nature helps them navigate change with ease."
Gemini,Gemini,Couple,"As a couple, two Geminis build a vibrant and intellectually stimulating relationship. They enjoy exploring new ideas and experiences together. However, their dual nature can lead to unpredictability and occasional lack of focus. Communication and flexibility are essential to maintain harmony."
Gemini,Cancer,Friends,"Gemini and Cancer friends often find it challenging to fully understand each other. Gemini’s fast-paced mind contrasts with Cancer’s emotional depth and caution. Despite this, their friendship can flourish when they appreciate their differences and communicate openly. Cancer offers warmth while Gemini brings lightness."
Gemini,Cancer,Couple,"Romantically, Gemini and Cancer face hurdles due to contrasting emotional styles. Gemini craves variety and freedom, while Cancer seeks security and emotional closeness. These differences may cause friction unless they work on patience and understanding. When balanced, their relationship blends excitement with nurturing."
Gemini,Leo,Friends,"Gemini and Leo friends share an enthusiastic and energetic bond. Both enjoy socializing and being the center of attention. Their friendship is filled with fun, laughter, and mutual encouragement. Occasionally, competitiveness can arise but is usually playful rather than serious."
Gemini,Leo,Couple,"In love, Gemini and Leo create a passionate and lively partnership. Leo’s confidence complements Gemini’s charm, making for an exciting relationship. However, both may struggle with attention needs and occasional jealousy. Open dialogue helps keep their love vibrant and trusting."
Gemini,Virgo,Friends,"Gemini and Virgo friends balance spontaneity and precision. Gemini’s playful spirit contrasts with Virgo’s detail-oriented approach, leading to occasional misunderstandings. Still, their complementary traits help them learn and grow from one another. Their friendship thrives on mutual respect."
Gemini,Virgo,Couple,"As partners, Gemini and Virgo experience both attraction and tension. Virgo’s methodical nature may frustrate Gemini’s need for freedom, while Gemini’s unpredictability challenges Virgo’s need for order. Communication and compromise are essential to make this relationship work."
Gemini,Libra,Friends,"Gemini and Libra friends share a harmonious and intellectually stimulating connection. Both enjoy social settings and lively conversations. Their friendship often feels effortless and balanced, with shared interests in culture and ideas. They support and inspire each other continuously."
Gemini,Libra,Couple,"Gemini and Libra couples enjoy a romantic relationship rich in communication and mutual appreciation. Libra’s desire for harmony complements Gemini’s quick wit. While occasional indecisiveness may arise, their strong connection and adaptability help them overcome challenges."
Gemini,Scorpio,Friends,"Gemini and Scorpio often experience a clash in communication styles. Gemini enjoys surface-level conversation and constant change, while Scorpio craves deep emotional connection. This can create tension and misunderstandings. Their friendship can work if both are open to learning from one another, but it's rarely smooth."
Gemini,Scorpio,Couple,"This pairing is complex and emotionally volatile. Gemini’s lighthearted and curious nature can feel shallow to intense Scorpio. Trust may become an issue, and communication breakdowns are common. However, if there's mutual effort, they can challenge each other in transformative ways—though it’s not an easy road."
Gemini,Sagittarius,Friends,"Gemini and Sagittarius make fantastic friends, both curious, outgoing, and endlessly energetic. They thrive on variety, new ideas, and shared adventures. Their friendship is dynamic and rarely dull. Occasional clashes may arise when one pushes boundaries too far, but overall, they share a playful and free-spirited connection."
Gemini,Sagittarius,Couple,"In love, these two are a whirlwind of exploration and passion. Their bond is based on mental stimulation and shared freedom. Commitment may take time due to their mutual independence, but when they connect, they create an exciting, open-minded partnership that keeps evolving."
Gemini,Capricorn,Friends,"Gemini and Capricorn approach life from opposite ends—Gemini is spontaneous and flexible, while Capricorn is disciplined and structured. This can make friendship difficult to sustain. Gemini may see Capricorn as rigid, while Capricorn views Gemini as unfocused. Still, with effort, they can challenge each other’s weaknesses."
Gemini,Capricorn,Couple,"This relationship tends to struggle. Capricorn’s desire for long-term planning conflicts with Gemini’s ever-changing curiosity. Misaligned goals and communication gaps can make intimacy hard to maintain. If they’re both willing to compromise and grow, it could work—but it often requires more effort than reward."
Gemini,Aquarius,Friends,"A strong mental bond connects these two. Gemini and Aquarius both enjoy thinking outside the box, socializing, and learning. Their friendship is intellectually stimulating, with plenty of shared jokes and futuristic ideas. They rarely get bored with one another, forming a vibrant and enduring bond."
Gemini,Aquarius,Couple,"This couple shares a natural compatibility rooted in mutual respect and mental connection. Both value independence and personal growth. Their love thrives on curiosity and communication. Challenges arise only when emotions are neglected, but if they stay emotionally available, this can be a long-lasting and joyful match."
Gemini,Pisces,Friends,"While both are imaginative, Gemini and Pisces often feel like they’re speaking different emotional languages. Gemini is light and quick, while Pisces is dreamy and deeply emotional. Miscommunication is common, and their friendship can feel ungrounded. However, there's potential for creative connection if handled delicately."
Gemini,Pisces,Couple,"Romantically, Gemini and Pisces face emotional mismatches. Pisces wants deep emotional intimacy, while Gemini is more cerebral and spontaneous. Pisces may feel unfulfilled, and Gemini may feel overwhelmed. If they manage to build emotional trust and embrace each other’s worlds, it can lead to unexpected beauty—but it's rare."
Cancer,Cancer,Friends,"Two Cancers make nurturing and loyal friends. They intuitively understand each other's moods and offer mutual emotional support. Their connection is calm, comforting, and deeply empathetic. However, if both retreat during conflict, unresolved tension may linger. Open dialogue keeps their friendship thriving."
Cancer,Cancer,Couple,"This relationship is tender and emotionally rich. Both partners crave security and affection, creating a homey, loving atmosphere. Their shared intuition strengthens their bond, but moodiness or clinginess can cause friction if not addressed. When emotionally balanced, they form a beautiful and lasting pair."
Cancer,Leo,Friends,"Cancer and Leo have different social needs, but their friendship can thrive through mutual admiration. Cancer provides emotional grounding, while Leo brings warmth and energy. Leo may find Cancer too sensitive, and Cancer might see Leo as self-centered. Still, their loyalty and care often bridge the gap."
Cancer,Leo,Couple,"This relationship can be as warm as it is fragile. Leo loves attention and admiration, while Cancer seeks emotional depth and reassurance. Conflicts arise when Leo overlooks Cancer’s needs or Cancer becomes too dependent. However, when mutual appreciation is present, they can complement each other beautifully."
Cancer,Virgo,Friends,"This is a gentle and supportive friendship. Cancer’s nurturing blends well with Virgo’s practical helpfulness. They enjoy meaningful conversations and shared values, and both offer reliability in their own ways. Minor clashes may occur due to Virgo’s criticism or Cancer’s moods, but nothing they can’t work through."
Cancer,Virgo,Couple,"Cancer and Virgo create a thoughtful and caring romantic bond. Virgo admires Cancer’s empathy, while Cancer values Virgo’s dedication. Their relationship grows steadily over time, rooted in mutual trust and small acts of kindness. Occasionally, Virgo’s perfectionism may hurt Cancer’s feelings, but overall it’s a harmonious match."
Cancer,Libra,Friends,"Cancer and Libra have a curious friendship. Libra’s social flair and diplomacy contrast with Cancer’s introspection. Cancer may find Libra distant, and Libra may find Cancer too emotional. They can get along when focused on shared activities or creative pursuits, but emotional depth may be lacking."
Cancer,Libra,Couple,"This pairing often faces emotional mismatches. Cancer desires deep connection, while Libra prefers peace and balance—even at the cost of honesty. Their bond can feel shallow unless they actively communicate their true feelings. While attraction is possible, long-term satisfaction may prove elusive."
Cancer,Scorpio,Friends,"This is a naturally strong and emotionally deep friendship. Cancer and Scorpio both value loyalty and trust, and they instinctively understand each other’s emotional needs. They protect one another fiercely. Occasional intensity from Scorpio can overwhelm Cancer, but their bond is usually unbreakable."
Cancer,Scorpio,Couple,"Romantically, Cancer and Scorpio are highly compatible. Their emotional depth, loyalty, and passion create a soulful connection. Scorpio brings intensity and protection; Cancer offers warmth and devotion. Jealousy or possessiveness may flare up, but their love is deeply transformative and often long-lasting."
Cancer,Sagittarius,Friends,"Cancer and Sagittarius often feel like they live in different worlds. Cancer values familiarity and emotional safety, while Sagittarius wants freedom and new experiences. Friendship can feel inconsistent, with Cancer craving deeper connection and Sagittarius preferring lighthearted fun. Respecting each other’s space is key to making it work."
Cancer,Sagittarius,Couple,"This pairing faces many challenges. Sagittarius’ restless nature clashes with Cancer’s need for security and closeness. Cancer may feel neglected, while Sagittarius feels constrained. Though they can inspire each other’s growth, it requires exceptional patience and understanding to sustain a long-term relationship."
Cancer,Capricorn,Friends,"Cancer and Capricorn balance each other in friendship. Capricorn offers structure and ambition, while Cancer provides emotional warmth and empathy. They often admire each other’s strengths, building trust over time. Minor disagreements arise when Cancer feels Capricorn is too distant, but their shared loyalty holds them together."
Cancer,Capricorn,Couple,"Romantically, this is a strong and complementary bond. Capricorn creates stability and long-term vision, while Cancer nurtures and softens Capricorn’s edges. They share goals and a desire for a secure home. Challenges occur when Capricorn seems emotionally unavailable, but their mutual dedication often overcomes it."
Cancer,Aquarius,Friends,"Cancer and Aquarius friends can struggle to connect. Aquarius is intellectual and detached, while Cancer is sensitive and sentimental. Cancer may feel Aquarius is too aloof, and Aquarius may find Cancer overly emotional. Still, they can learn from each other if they’re willing to be patient with their differences."
Cancer,Aquarius,Couple,"This relationship tends to feel unbalanced. Aquarius values freedom and independence, while Cancer needs reassurance and emotional closeness. Conflicts around commitment and vulnerability are common. Although they may enjoy an initial fascination, sustaining intimacy requires significant compromise on both sides."
Cancer,Pisces,Friends,"Cancer and Pisces form a compassionate and intuitive friendship. Both are deeply empathetic and sensitive, creating a safe space to share feelings and dreams. Their bond is usually harmonious, though occasional mood swings or escapism can cause minor turbulence. Overall, this is a warm and soulful connection."
Cancer,Pisces,Couple,"In love, Cancer and Pisces share a beautifully tender and romantic connection. Both are nurturing, intuitive, and value emotional depth. They instinctively understand and comfort each other. While they can sometimes get lost in sentimentality, their mutual devotion makes this one of the most loving pairings."
Leo,Leo,Friends,"Two Leos create an energetic, sometimes dramatic friendship. They love celebrating each other’s accomplishments and sharing adventures. However, clashes can happen if both need to be the center of attention all the time. When they learn to take turns shining, their bond becomes lively and full of mutual admiration."
Leo,Leo,Couple,"This is a fiery and passionate union. Both partners crave attention, affection, and excitement, which fuels attraction. Power struggles and ego clashes are almost inevitable, but their shared enthusiasm keeps the relationship dynamic. With mutual respect, their love can be both glamorous and enduring."
Leo,Virgo,Friends,"Leo and Virgo friends bring out contrasting qualities. Leo’s warmth and charisma meet Virgo’s modesty and practicality. Virgo may see Leo as self-absorbed, while Leo can find Virgo too critical. Despite differences, they can develop a solid friendship when they appreciate each other’s strengths."
Leo,Virgo,Couple,"This couple faces an uphill climb. Leo desires admiration and passion, while Virgo values humility and careful planning. Leo may feel underappreciated, and Virgo overwhelmed by Leo’s intensity. If they learn to validate each other and compromise, they can balance practicality with excitement."
Leo,Libra,Friends,"Leo and Libra often become fast friends, drawn together by mutual charm and sociability. Leo admires Libra’s diplomacy, and Libra appreciates Leo’s confidence. They enjoy shared adventures and creative pursuits. Occasional disagreements may arise around decision-making, but overall, it’s a fun and balanced friendship."
Leo,Libra,Couple,"Romantically, Leo and Libra are a strong match. Leo’s passion and Libra’s grace create an affectionate and playful relationship. Both love romance and social connection. Challenges come when Libra’s indecision frustrates Leo’s assertiveness, but their mutual admiration usually wins out."
Leo,Scorpio,Friends,"This friendship can feel intense and unpredictable. Leo and Scorpio are both strong-willed, with Leo craving recognition and Scorpio desiring depth and control. Power struggles and jealousy are common if boundaries aren’t respected. When they cooperate, they can achieve shared goals with fierce loyalty."
Leo,Scorpio,Couple,"This pairing is magnetic but turbulent. Both are passionate and determined, which fuels attraction and conflict alike. Scorpio’s possessiveness can clash with Leo’s need for admiration. Despite challenges, their connection can be transformative if they learn to share power and trust each other fully."
Leo,Sagittarius,Friends,"Leo and Sagittarius make vibrant and adventurous friends. They share optimism, love of life, and enthusiasm for new experiences. This is a friendship full of laughter and mutual encouragement. Minor conflicts rarely last, as both prefer to keep things lighthearted and forward-moving."
Leo,Sagittarius,Couple,"In romance, Leo and Sagittarius are an exciting, dynamic pair. Their shared passion creates an affectionate and inspiring connection. Both value independence and positivity, which keeps their bond strong. Occasional competitiveness may arise, but overall, this is a warm, enduring match."
Leo,Capricorn,Friends,"Leo and Capricorn approach life differently—Leo is expressive and playful, while Capricorn is reserved and serious. Their friendship can feel unbalanced if Leo sees Capricorn as too rigid or Capricorn sees Leo as frivolous. Still, they can learn valuable lessons from each other when mutual respect is present."
Leo,Capricorn,Couple,"This relationship demands effort. Leo thrives on admiration and spontaneity, while Capricorn values discipline and consistency. Conflicts may arise when Leo feels constrained or Capricorn feels Leo is unreliable. If they find common ground in shared ambitions, their partnership can grow steadily."
Leo,Aquarius,Friends,"Leo and Aquarius friends create an electric, sometimes challenging dynamic. Leo’s warmth and charisma intrigue Aquarius’ originality and vision. They often inspire each other, but occasional clashes over control or attention can spark disagreements. When balanced, their connection is vibrant and progressive."
Leo,Aquarius,Couple,"Romantically, this is a captivating match full of contrasts. Leo wants devotion and recognition, while Aquarius needs independence. Tension can arise if Leo feels neglected or Aquarius feels smothered. With open-minded communication, they can blend passion and innovation into something lasting."
Leo,Pisces,Friends,"Leo and Pisces have a gentle, sometimes puzzling friendship. Leo’s confidence can uplift Pisces’ sensitive spirit, but Pisces may struggle with Leo’s boldness. Their bond is often creative and warm when they focus on shared artistic or compassionate pursuits. Misunderstandings are common but not insurmountable."
Leo,Pisces,Couple,"This couple faces significant differences. Leo craves admiration and action, while Pisces is introspective and idealistic. Leo may feel Pisces is too passive, and Pisces may find Leo overwhelming. If they respect each other’s unique gifts, they can discover a connection that combines tenderness with inspiration."
Virgo,Virgo,Friends,"Two Virgos create a dependable and thoughtful friendship. They understand each other’s need for order and practicality. While they respect each other’s intelligence, their mutual tendency to overthink or criticize can sometimes create tension. When they learn to lighten up together, the bond is reassuring and stable."
Virgo,Virgo,Couple,"Romantically, this pairing is steady and grounded. Both partners value loyalty, responsibility, and clear communication. However, they can get stuck in routines or focus too much on each other’s flaws. When they balance constructive feedback with affection, their relationship becomes a supportive partnership."
Virgo,Libra,Friends,"Virgo and Libra form a polite and intellectually curious friendship. Virgo appreciates Libra’s sense of fairness, while Libra enjoys Virgo’s attention to detail. Occasionally, Virgo may see Libra as indecisive, and Libra may find Virgo overly critical. They get along best when working toward shared goals."
Virgo,Libra,Couple,"This couple faces subtle challenges. Virgo’s practicality can dampen Libra’s love of romance and beauty. Libra might wish Virgo were more expressive, while Virgo finds Libra’s idealism unrealistic. Still, their shared desire for harmony can help them build a respectful, if sometimes restrained, connection."
Virgo,Scorpio,Friends,"Virgo and Scorpio develop a deep, sometimes intense friendship. Scorpio admires Virgo’s intelligence and reliability, while Virgo respects Scorpio’s determination. Their bond is often based on shared goals and unspoken trust. Disagreements can feel heavy, but their loyalty usually keeps them connected."
Virgo,Scorpio,Couple,"In love, Virgo and Scorpio create a powerful and transformative partnership. Scorpio brings passion and depth, while Virgo provides stability and careful support. Sometimes Virgo may feel overwhelmed by Scorpio’s intensity, but when they trust each other fully, their connection can be incredibly fulfilling."
Virgo,Sagittarius,Friends,"Virgo and Sagittarius have contrasting energies in friendship. Sagittarius is adventurous and carefree, while Virgo is analytical and cautious. Virgo may find Sagittarius unreliable, and Sagittarius may see Virgo as nitpicky. They can learn a lot if they embrace their differences rather than resist them."
Virgo,Sagittarius,Couple,"This relationship often feels mismatched. Sagittarius craves freedom and spontaneity, while Virgo needs order and planning. Misunderstandings are frequent, and mutual frustration can build quickly. When both partners are willing to compromise and grow, there’s potential—but it requires significant effort."
Virgo,Capricorn,Friends,"This is a grounded, productive friendship. Virgo and Capricorn share strong work ethics, practicality, and respect for responsibility. They enjoy helping each other succeed. Though the dynamic can feel serious at times, their mutual understanding creates a lasting and reliable connection."
Virgo,Capricorn,Couple,"Virgo and Capricorn form a solid, committed romantic bond. Both value loyalty, long-term planning, and clear expectations. Their relationship grows steadily over time, rarely rushing into things. While it may lack fireworks, the sense of shared purpose and security is deeply satisfying to them."
Virgo,Aquarius,Friends,"Virgo and Aquarius friends have very different priorities. Virgo focuses on details and practicality, while Aquarius dreams big and challenges convention. Virgo may find Aquarius scattered, while Aquarius feels Virgo is too rigid. They can still enjoy each other’s perspectives when curiosity outweighs judgment."
Virgo,Aquarius,Couple,"This pairing is often challenging. Aquarius resists routines and constraints, while Virgo thrives on structure. Virgo’s need for clarity clashes with Aquarius’ unpredictable nature. Unless both partners actively accept their differences, the relationship can feel disconnected and frustrating."
Virgo,Pisces,Friends,"Virgo and Pisces form a complementary friendship. Virgo grounds Pisces’ dreams in reality, while Pisces inspires Virgo to be more compassionate and imaginative. Sometimes Virgo may feel Pisces is impractical, and Pisces may think Virgo lacks sensitivity. When balanced, they create a harmonious team."
Virgo,Pisces,Couple,"In romance, Virgo and Pisces can be a beautiful example of opposites attracting. Virgo offers stability and care, while Pisces brings empathy and emotional depth. Conflicts arise when Virgo becomes too critical or Pisces too evasive. With understanding, they can build a gentle and enriching bond."
Libra,Libra,Friends,"Two Libras make graceful, sociable friends. They enjoy art, conversation, and creating harmony together. However, indecision can slow progress, as both may hesitate to take the lead. Still, their shared desire for balance keeps the connection pleasant and full of mutual respect."
Libra,Libra,Couple,"This couple shares a natural affinity for romance and partnership. They value fairness, affection, and social connection. Sometimes, conflicts are avoided rather than resolved, creating unspoken tension. When they learn to be direct, their bond can be elegant and emotionally satisfying."
Libra,Scorpio,Friends,"Libra and Scorpio friends have an intriguing dynamic. Libra seeks peace and understanding, while Scorpio pursues depth and intensity. Libra may find Scorpio too serious, while Scorpio thinks Libra is superficial. If they appreciate each other’s strengths, they can form a uniquely complementary bond."
Libra,Scorpio,Couple,"This relationship is passionate but often volatile. Scorpio’s possessiveness and Libra’s need for freedom create friction. Libra may feel overwhelmed by Scorpio’s emotional demands. However, the attraction is powerful, and with effort to build trust, they can experience a transformative connection."
Libra,Sagittarius,Friends,"Libra and Sagittarius make natural friends. Both love adventure, learning, and meeting new people. Libra brings grace and diplomacy, while Sagittarius adds humor and optimism. Occasional disagreements arise when Sagittarius is too blunt, but overall, their bond is lively and inspiring."
Libra,Sagittarius,Couple,"In romance, this pairing enjoys a joyful, easygoing connection. They share curiosity and a love for exploration. Sagittarius appreciates Libra’s charm, and Libra admires Sagittarius’ enthusiasm. Minor issues stem from Sagittarius’ bluntness or Libra’s indecision, but usually they find common ground."
Libra,Capricorn,Friends,"Libra and Capricorn approach friendship differently. Libra is sociable and focused on harmony, while Capricorn values discipline and achievement. Libra may find Capricorn too serious, and Capricorn can see Libra as unfocused. When they respect their contrasting styles, they can learn valuable lessons together."
Libra,Capricorn,Couple,"This couple faces notable differences. Capricorn prefers structure and long-term plans, while Libra craves connection and lightness. Libra may feel unappreciated, and Capricorn may think Libra is impractical. With patience and clear communication, they can create a partnership that balances duty with affection."
Libra,Aquarius,Friends,"Libra and Aquarius make excellent friends. They share intellectual curiosity, a love of new ideas, and a strong sense of fairness. Their bond feels refreshing and inspiring. While Aquarius’ unpredictability can frustrate Libra at times, their mutual respect usually keeps the friendship thriving."
Libra,Aquarius,Couple,"This relationship feels modern and exciting. Both partners value independence and equality, making it easy to give each other space. Libra’s diplomacy blends well with Aquarius’ originality. They occasionally struggle with emotional depth, but their shared ideals often sustain a long-term connection."
Libra,Pisces,Friends,"Libra and Pisces friends connect through creativity and empathy. Libra brings charm and perspective, while Pisces offers emotional depth and imagination. Sometimes Libra’s practicality clashes with Pisces’ dreaminess. However, their shared kindness helps them navigate misunderstandings."
Libra,Pisces,Couple,"This couple often feels like a romantic storybook. Libra admires Pisces’ sensitivity, and Pisces appreciates Libra’s grace. They share a love of beauty and emotional connection. Yet, indecision and avoidance of conflict can create lingering issues. Clear communication is essential for lasting happiness."
Scorpio,Scorpio,Friends,"Two Scorpios create a powerful and intense friendship. They instinctively understand each other’s depth and loyalty. However, neither likes to back down, so power struggles and jealousy can flare up. When they trust each other, this bond feels unbreakable."
Scorpio,Scorpio,Couple,"Romantically, this pairing is magnetic and all-consuming. Their connection is passionate and transformative, but also prone to suspicion and control issues. If they learn to soften their defenses and communicate openly, they can build an extraordinary partnership."
Scorpio,Sagittarius,Friends,"Scorpio and Sagittarius often feel like opposites in friendship. Sagittarius is spontaneous and freedom-loving, while Scorpio prefers commitment and focus. Scorpio can see Sagittarius as unreliable, and Sagittarius may find Scorpio too intense. With acceptance, they can bring out each other’s adventurous side."
Scorpio,Sagittarius,Couple,"This relationship is full of friction and fascination. Sagittarius resists Scorpio’s possessiveness, and Scorpio finds Sagittarius’ need for independence unsettling. While the chemistry is strong, sustaining trust and emotional closeness over time is challenging."
Scorpio,Capricorn,Friends,"Scorpio and Capricorn respect each other’s determination and resilience. Their friendship is often built on shared goals and unspoken loyalty. Though both can be guarded, over time they develop trust and a sense of quiet solidarity that feels secure and steady."
Scorpio,Capricorn,Couple,"This is a strong, deeply committed partnership. Scorpio brings emotional depth and passion, while Capricorn offers stability and ambition. They understand each other’s need for loyalty and purpose. Occasional struggles arise when Capricorn seems distant or Scorpio becomes too controlling."
Scorpio,Aquarius,Friends,"Scorpio and Aquarius have very different worldviews. Scorpio is intense and private, while Aquarius values independence and objectivity. Scorpio may think Aquarius is detached, and Aquarius finds Scorpio too heavy. Their friendship requires patience and a willingness to respect each other’s limits."
Scorpio,Aquarius,Couple,"This pairing often feels unpredictable. Scorpio craves emotional closeness, while Aquarius needs space. Conflicts about control and freedom are common. Despite strong attraction, they must work hard to avoid resentment and build understanding."
Scorpio,Pisces,Friends,"Scorpio and Pisces share a soulful, empathetic friendship. Both are intuitive and value emotional honesty. Scorpio offers strength and protection, while Pisces brings compassion and imagination. Occasionally, their shared sensitivity leads to misunderstandings, but their bond usually endures."
Scorpio,Pisces,Couple,"Romantically, this is a profound and loving match. Scorpio feels safe opening up to Pisces, and Pisces feels cherished by Scorpio’s devotion. Their connection can be almost psychic. As long as they avoid unhealthy dependency, this partnership is deeply nurturing."
Sagittarius,Sagittarius,Friends,"Two Sagittarians create a lively and adventurous friendship. They inspire each other to explore new ideas, travel, and laugh often. Neither likes feeling tied down, so their bond works best when there are no heavy expectations. This is a fun and free-spirited connection."
Sagittarius,Sagittarius,Couple,"This relationship is playful, energetic, and sometimes inconsistent. Both partners value freedom and excitement. Commitment can be tricky if neither wants to settle down. When they share a vision and respect each other’s independence, their bond thrives."
Sagittarius,Capricorn,Friends,"Sagittarius and Capricorn see the world differently. Sagittarius loves spontaneity and optimism, while Capricorn is disciplined and pragmatic. Sagittarius may feel Capricorn is too serious, and Capricorn may find Sagittarius reckless. If they embrace each other’s strengths, they can learn a lot together."
Sagittarius,Capricorn,Couple,"Romantically, this pairing requires compromise. Capricorn wants stability and long-term plans, while Sagittarius prefers exploration and flexibility. Frustration arises when their priorities clash. Mutual respect and clear boundaries are essential for lasting love."
Sagittarius,Aquarius,Friends,"Sagittarius and Aquarius make dynamic, forward-thinking friends. They share a love for ideas, freedom, and innovation. Conversations between them are lively and inspiring. Occasional disagreements about commitment rarely dampen their enthusiasm for each other’s company."
Sagittarius,Aquarius,Couple,"This is an exciting, unconventional relationship. Both value independence and share a sense of adventure. They rarely feel bored together. While emotional intimacy might take time to develop, their mutual respect and shared vision often sustain the connection."
Sagittarius,Pisces,Friends,"Sagittarius and Pisces bring out each other’s imagination and curiosity. Sagittarius encourages Pisces to be more outgoing, while Pisces teaches Sagittarius empathy and patience. Misunderstandings occur when Pisces feels overlooked, but their differences can be enriching."
Sagittarius,Pisces,Couple,"This couple faces contrasting needs. Sagittarius wants freedom and lightness, while Pisces craves emotional closeness. Pisces may feel hurt by Sagittarius’ bluntness, and Sagittarius may feel weighed down by Pisces’ sensitivity. Open dialogue and compromise are critical to bridging the gap."
Capricorn,Capricorn,Friends,"Two Capricorns form a steady, dependable friendship. They respect each other’s discipline and ambition. Though their bond can feel serious, they trust one another implicitly. Overworking or emotional reserve sometimes creates distance, but shared goals bring them back together."
Capricorn,Capricorn,Couple,"Romantically, this is a stable, pragmatic union. Both partners value commitment, responsibility, and security. Passion can take time to emerge, but their loyalty is unwavering. If they remember to nurture emotional warmth, their partnership thrives."
Capricorn,Aquarius,Friends,"Capricorn and Aquarius often feel like an odd pair. Capricorn prefers tradition and structure, while Aquarius values innovation and rebellion. They can frustrate each other, but also broaden each other’s horizons when they remain open-minded."
Capricorn,Aquarius,Couple,"This relationship is full of contrasts. Capricorn wants clear plans and stability, while Aquarius needs freedom to experiment. Capricorn may see Aquarius as unreliable, and Aquarius sees Capricorn as restrictive. To last, they must honor each other’s differences."
Capricorn,Pisces,Friends,"Capricorn and Pisces create a complementary friendship. Capricorn offers guidance and grounding, while Pisces provides compassion and creativity. Capricorn can feel burdened by Pisces’ emotions, and Pisces may think Capricorn is too detached. When balanced, they support each other beautifully."
Capricorn,Pisces,Couple,"This is a gentle, stabilizing romance. Capricorn brings strength and direction, while Pisces softens Capricorn’s edges. They inspire growth in each other. Occasional struggles come when Capricorn feels Pisces is too idealistic, but their shared loyalty often bridges the gap."
Aquarius,Aquarius,Friends,"Two Aquarians create an inventive, unconventional friendship. They love exchanging ideas and exploring new perspectives together. While neither likes emotional drama, their bond is usually based on mutual respect and shared ideals. Sometimes, detachment makes the connection feel distant."
Aquarius,Aquarius,Couple,"This relationship is modern and intellectually stimulating. Both partners value independence and freedom, rarely clinging to each other. Emotional intimacy can take time to develop, but when it does, their connection feels like a true meeting of minds."
Aquarius,Pisces,Friends,"Aquarius and Pisces form an unusual but intriguing friendship. Aquarius offers objectivity and fresh ideas, while Pisces brings compassion and intuition. Sometimes Aquarius seems too aloof for sensitive Pisces. If they focus on appreciating their differences, they can enrich each other’s lives."
Aquarius,Pisces,Couple,"This pairing is delicate. Pisces craves closeness and reassurance, while Aquarius needs space and autonomy. Pisces can feel neglected, and Aquarius may find Pisces’ emotions overwhelming. Clear communication and respect for each other’s needs are vital for lasting harmony."
Pisces,Pisces,Friends,"Two Pisces create a deeply empathetic friendship. They intuitively understand each other’s feelings and dreams. This bond is comforting and creative. However, both can avoid confronting problems directly, which sometimes leads to confusion or unspoken tension."
Pisces,Pisces,Couple,"Romantically, this is a tender, soulful connection. They share a love of beauty, spirituality, and imagination. While their bond is nurturing, it can also be overly idealistic. To thrive, they must balance their dreams with practical realities."
Pisces,Aries,Friends,"Pisces and Aries can have a surprising friendship—Aries is bold and direct, while Pisces is gentle and dreamy. Aries may unintentionally hurt Pisces’ feelings, but Pisces softens Aries’ rough edges. If Aries learns patience, and Pisces builds confidence, the bond can be heartwarming."
Pisces,Aries,Couple,"This is a sensitive yet combustible pairing. Aries may see Pisces as overly emotional, while Pisces finds Aries too brash. Despite initial attraction, emotional mismatches often cause tension. They must work hard to stay attuned to each other’s emotional rhythms."
Pisces,Taurus,Friends,"Pisces and Taurus connect easily. Both value beauty, peace, and emotional security. Taurus grounds Pisces’ imagination, and Pisces helps Taurus tap into compassion. Their friendship is often calm and loyal, though Taurus may struggle with Pisces’ occasional indecisiveness."
Pisces,Taurus,Couple,"Romantically, they’re a natural pair. Taurus provides structure and stability, while Pisces brings emotional depth and affection. Together, they create a loving and supportive home life. Miscommunication may arise when Taurus becomes too rigid, but overall, this match tends to be harmonious."
Pisces,Gemini,Friends,"This friendship is filled with curiosity and playfulness. Pisces brings emotional insight, while Gemini sparks mental stimulation. They enjoy storytelling and ideas, but Gemini’s inconsistency can confuse Pisces. As long as both allow flexibility, the connection can be enriching."
Pisces,Gemini,Couple,"This is a tricky match. Gemini is flighty and cerebral, Pisces is intuitive and emotional. Pisces wants deeper emotional connection, while Gemini may avoid heavy feelings. Misunderstandings can easily arise, but if they meet halfway, they can surprise each other."
Pisces,Cancer,Friends,"Pisces and Cancer feel at home together. Both are deeply empathetic and emotionally aware. They offer each other emotional security and gentle companionship. Their bond can be long-lasting, though they must guard against becoming too emotionally dependent on one another."
Pisces,Cancer,Couple,"This pairing is tender and soulful. Cancer nurtures, while Pisces dreams. They both prioritize emotional connection and tend to intuit each other’s needs. The relationship is harmonious, but it can become overly insulated if they don’t maintain individuality."
Pisces,Leo,Friends,"Pisces and Leo can form an unusual but entertaining friendship. Leo brings bold energy and leadership, while Pisces adds creativity and emotional insight. Leo may overlook Pisces’ subtle cues, and Pisces might be overwhelmed by Leo’s intensity. Still, they can balance each other."
Pisces,Leo,Couple,"Romantically, this pair often struggles with emotional mismatches. Pisces seeks tenderness and subtlety, while Leo thrives on passion and recognition. Leo may dominate, and Pisces might withdraw. If Leo becomes more sensitive and Pisces more assertive, it can work—but it’s a challenge."
Pisces,Virgo,Friends,"Virgo and Pisces are opposites in the zodiac, which makes for a balanced friendship when it works. Virgo helps Pisces stay grounded, while Pisces teaches Virgo to soften and imagine. Virgo might get frustrated with Pisces’ lack of structure, and Pisces may feel criticized. With patience, they grow together."
Pisces,Virgo,Couple,"This can be a deeply complementary romance. Virgo offers reliability, Pisces provides emotional depth. Virgo helps organize Pisces’ dreams into reality. However, Virgo’s practicality can sometimes feel cold, and Pisces’ emotions may overwhelm Virgo. Honest communication is essential."
